StartTime,NumberOfTrips
08/12/2020 08:00:00 PM,499
08/13/2020 01:00:00 PM,272
08/13/2020 02:00:00 PM,337
08/13/2020 03:00:00 PM,346
08/13/2020 04:00:00 PM,394
08/13/2020 06:00:00 PM,608
08/13/2020 07:00:00 PM,709
08/13/2020 08:00:00 PM,582
08/14/2020 05:00:00 AM,26
08/14/2020 10:00:00 AM,202
08/14/2020 03:00:00 PM,473
08/14/2020 04:00:00 PM,501
08/14/2020 05:00:00 PM,655
08/14/2020 08:00:00 PM,651
08/15/2020 09:00:00 AM,168
08/15/2020 11:00:00 AM,336
08/15/2020 12:00:00 PM,459
08/15/2020 02:00:00 PM,646
08/15/2020 03:00:00 PM,658
08/15/2020 04:00:00 PM,729
08/15/2020 05:00:00 PM,722
08/15/2020 06:00:00 PM,447
08/15/2020 07:00:00 PM,656
08/16/2020 10:00:00 AM,228
08/16/2020 02:00:00 PM,617
08/16/2020 04:00:00 PM,751
08/16/2020 05:00:00 PM,762
08/16/2020 06:00:00 PM,714
08/17/2020 04:00:00 PM,451
08/17/2020 05:00:00 PM,575
08/17/2020 07:00:00 PM,707
08/17/2020 08:00:00 PM,538
08/18/2020 10:00:00 AM,160
08/18/2020 11:00:00 AM,189
08/18/2020 12:00:00 PM,336
08/18/2020 01:00:00 PM,353
08/18/2020 02:00:00 PM,438
08/18/2020 03:00:00 PM,504
08/18/2020 06:00:00 PM,736
08/18/2020 07:00:00 PM,741
08/18/2020 09:00:00 PM,408
08/19/2020 05:00:00 AM,27
08/19/2020 10:00:00 AM,217
08/19/2020 11:00:00 AM,283
08/19/2020 01:00:00 PM,353
08/19/2020 02:00:00 PM,445
08/19/2020 03:00:00 PM,491
08/19/2020 04:00:00 PM,584
08/19/2020 05:00:00 PM,724
08/19/2020 08:00:00 PM,390
08/20/2020 02:00:00 PM,270
08/20/2020 04:00:00 PM,302
08/20/2020 05:00:00 PM,472
08/20/2020 06:00:00 PM,584
08/20/2020 07:00:00 PM,725
08/20/2020 08:00:00 PM,624
08/20/2020 09:00:00 PM,484
08/21/2020 09:00:00 AM,180
08/21/2020 12:00:00 PM,396
08/21/2020 02:00:00 PM,459
08/21/2020 03:00:00 PM,545
08/21/2020 04:00:00 PM,666
08/21/2020 05:00:00 PM,895
08/21/2020 06:00:00 PM,933
08/21/2020 07:00:00 PM,931
08/21/2020 08:00:00 PM,829
08/22/2020 08:00:00 AM,169
08/22/2020 09:00:00 AM,254
08/22/2020 11:00:00 AM,510
08/22/2020 12:00:00 PM,631
08/22/2020 03:00:00 PM,951
08/22/2020 05:00:00 PM,1073
08/22/2020 06:00:00 PM,1216
08/22/2020 07:00:00 PM,1128
08/23/2020 12:00:00 PM,702
08/23/2020 01:00:00 PM,866
08/23/2020 02:00:00 PM,814
08/23/2020 03:00:00 PM,820
08/23/2020 05:00:00 PM,849
08/23/2020 08:00:00 PM,459
08/24/2020 01:00:00 PM,419
08/24/2020 02:00:00 PM,419
08/24/2020 04:00:00 PM,547
08/24/2020 07:00:00 PM,720
08/24/2020 08:00:00 PM,575
08/24/2020 09:00:00 PM,453
08/25/2020 06:00:00 AM,55
08/25/2020 09:00:00 AM,181
08/25/2020 01:00:00 PM,382
08/25/2020 02:00:00 PM,447
08/25/2020 04:00:00 PM,600
08/25/2020 05:00:00 PM,703
08/25/2020 07:00:00 PM,883
08/25/2020 08:00:00 PM,701
08/25/2020 09:00:00 PM,511
08/26/2020 11:00:00 AM,326
08/26/2020 12:00:00 PM,460
08/26/2020 01:00:00 PM,419
08/26/2020 02:00:00 PM,505
08/26/2020 03:00:00 PM,450
08/26/2020 04:00:00 PM,622
08/26/2020 05:00:00 PM,855
08/26/2020 07:00:00 PM,1040
08/26/2020 08:00:00 PM,716
08/26/2020 09:00:00 PM,656
08/27/2020 09:00:00 AM,201
08/27/2020 10:00:00 AM,269
08/27/2020 11:00:00 AM,349
08/27/2020 02:00:00 PM,481
08/27/2020 03:00:00 PM,470
08/27/2020 04:00:00 PM,593
08/27/2020 06:00:00 PM,802
08/27/2020 07:00:00 PM,913
08/27/2020 09:00:00 PM,670
08/28/2020 08:00:00 AM,207
08/28/2020 09:00:00 AM,219
08/28/2020 01:00:00 PM,540
08/28/2020 03:00:00 PM,636
08/28/2020 04:00:00 PM,787
08/28/2020 05:00:00 PM,860
08/28/2020 06:00:00 PM,1099
08/28/2020 07:00:00 PM,1115
08/29/2020 06:00:00 AM,58
08/29/2020 09:00:00 AM,298
08/29/2020 12:00:00 PM,732
08/29/2020 01:00:00 PM,807
08/29/2020 02:00:00 PM,939
08/29/2020 03:00:00 PM,1110
08/29/2020 04:00:00 PM,1131
08/29/2020 05:00:00 PM,1256
08/29/2020 07:00:00 PM,1424
08/29/2020 08:00:00 PM,986
08/29/2020 09:00:00 PM,917
08/30/2020 10:00:00 AM,449
08/30/2020 11:00:00 AM,671
08/30/2020 12:00:00 PM,802
08/30/2020 01:00:00 PM,871
08/30/2020 02:00:00 PM,1005
08/30/2020 03:00:00 PM,1176
08/30/2020 04:00:00 PM,1150
08/30/2020 05:00:00 PM,1151
08/30/2020 06:00:00 PM,1286
08/30/2020 07:00:00 PM,1067
08/30/2020 08:00:00 PM,822
08/31/2020 09:00:00 AM,190
08/31/2020 10:00:00 AM,258
08/31/2020 11:00:00 AM,362
08/31/2020 12:00:00 PM,409
08/31/2020 01:00:00 PM,461
08/31/2020 02:00:00 PM,453
08/31/2020 03:00:00 PM,556
08/31/2020 04:00:00 PM,668
08/31/2020 05:00:00 PM,754
08/31/2020 06:00:00 PM,939
08/31/2020 07:00:00 PM,872
08/31/2020 08:00:00 PM,620
08/31/2020 10:00:00 PM,16
09/01/2020 07:00:00 AM,138
09/01/2020 10:00:00 AM,246
09/01/2020 12:00:00 PM,391
09/01/2020 01:00:00 PM,199
09/01/2020 02:00:00 PM,116
09/01/2020 03:00:00 PM,239
09/01/2020 04:00:00 PM,367
09/01/2020 05:00:00 PM,404
09/01/2020 06:00:00 PM,413
09/01/2020 08:00:00 PM,435
09/02/2020 05:00:00 AM,41
09/02/2020 07:00:00 AM,121
09/02/2020 10:00:00 AM,243
09/02/2020 11:00:00 AM,385
09/02/2020 12:00:00 PM,473
09/02/2020 01:00:00 PM,517
09/02/2020 03:00:00 PM,632
09/02/2020 04:00:00 PM,707
09/02/2020 05:00:00 PM,872
09/02/2020 06:00:00 PM,1029
09/02/2020 07:00:00 PM,953
09/02/2020 08:00:00 PM,787
09/02/2020 10:00:00 PM,5
09/03/2020 05:00:00 AM,59
09/03/2020 08:00:00 AM,219
09/03/2020 09:00:00 AM,250
09/03/2020 10:00:00 AM,272
09/03/2020 01:00:00 PM,518
09/03/2020 02:00:00 PM,553
09/03/2020 04:00:00 PM,759
09/03/2020 05:00:00 PM,809
09/03/2020 06:00:00 PM,1093
09/03/2020 07:00:00 PM,1001
09/03/2020 09:00:00 PM,627
09/04/2020 07:00:00 AM,156
09/04/2020 08:00:00 AM,213
09/04/2020 09:00:00 AM,262
09/04/2020 11:00:00 AM,449
09/04/2020 12:00:00 PM,600
09/04/2020 01:00:00 PM,675
09/04/2020 02:00:00 PM,663
09/04/2020 03:00:00 PM,877
09/04/2020 05:00:00 PM,1113
09/04/2020 06:00:00 PM,1188
09/04/2020 07:00:00 PM,1262
09/04/2020 08:00:00 PM,1105
09/04/2020 09:00:00 PM,877
09/05/2020 10:00:00 AM,548
09/05/2020 11:00:00 AM,645
09/05/2020 12:00:00 PM,826
09/05/2020 01:00:00 PM,944
09/05/2020 02:00:00 PM,1077
09/05/2020 03:00:00 PM,1124
09/05/2020 04:00:00 PM,1188
09/05/2020 05:00:00 PM,1196
09/05/2020 06:00:00 PM,1378
09/05/2020 07:00:00 PM,1265
09/05/2020 08:00:00 PM,1018
09/05/2020 09:00:00 PM,889
09/06/2020 12:00:00 PM,462
09/06/2020 01:00:00 PM,601
09/06/2020 02:00:00 PM,733
09/06/2020 04:00:00 PM,969
09/06/2020 05:00:00 PM,1092
09/06/2020 06:00:00 PM,1327
09/06/2020 07:00:00 PM,1137
09/06/2020 08:00:00 PM,940
09/06/2020 09:00:00 PM,742
09/07/2020 07:00:00 AM,82
09/07/2020 08:00:00 AM,131
09/07/2020 11:00:00 AM,503
09/07/2020 12:00:00 PM,749
09/07/2020 01:00:00 PM,947
09/07/2020 02:00:00 PM,1024
09/07/2020 03:00:00 PM,1088
09/07/2020 04:00:00 PM,1294
09/07/2020 05:00:00 PM,1335
09/07/2020 09:00:00 PM,498
09/08/2020 03:00:00 PM,275
09/08/2020 04:00:00 PM,402
09/08/2020 06:00:00 PM,373
09/08/2020 08:00:00 PM,228
09/08/2020 09:00:00 PM,161
09/09/2020 05:00:00 AM,32
09/09/2020 11:00:00 AM,248
09/09/2020 01:00:00 PM,322
09/09/2020 02:00:00 PM,366
09/09/2020 04:00:00 PM,482
09/09/2020 05:00:00 PM,594
09/09/2020 06:00:00 PM,567
09/09/2020 07:00:00 PM,484
09/09/2020 08:00:00 PM,341
09/09/2020 09:00:00 PM,335
09/10/2020 05:00:00 AM,32
09/10/2020 06:00:00 AM,101
09/10/2020 09:00:00 AM,193
09/10/2020 10:00:00 AM,206
09/10/2020 11:00:00 AM,288
09/10/2020 02:00:00 PM,392
09/10/2020 04:00:00 PM,485
09/10/2020 05:00:00 PM,368
09/10/2020 06:00:00 PM,239
09/10/2020 07:00:00 PM,147
09/10/2020 08:00:00 PM,177
09/11/2020 07:00:00 AM,139
09/11/2020 08:00:00 AM,136
09/11/2020 09:00:00 AM,132
09/11/2020 12:00:00 PM,273
09/11/2020 02:00:00 PM,379
09/11/2020 03:00:00 PM,520
09/11/2020 05:00:00 PM,812
09/11/2020 06:00:00 PM,935
09/11/2020 07:00:00 PM,854
09/11/2020 08:00:00 PM,763
09/11/2020 09:00:00 PM,678
09/12/2020 07:00:00 AM,105
09/12/2020 08:00:00 AM,131
09/12/2020 11:00:00 AM,138
09/12/2020 12:00:00 PM,248
09/12/2020 01:00:00 PM,445
09/12/2020 03:00:00 PM,598
09/12/2020 04:00:00 PM,693
09/12/2020 05:00:00 PM,827
09/12/2020 07:00:00 PM,712
09/13/2020 07:00:00 AM,88
09/13/2020 08:00:00 AM,163
09/13/2020 09:00:00 AM,274
09/13/2020 10:00:00 AM,517
09/13/2020 11:00:00 AM,754
09/13/2020 12:00:00 PM,733
09/13/2020 01:00:00 PM,820
09/13/2020 02:00:00 PM,910
09/13/2020 04:00:00 PM,1079
09/13/2020 06:00:00 PM,1198
09/13/2020 07:00:00 PM,1002
09/13/2020 08:00:00 PM,732
09/14/2020 06:00:00 AM,79
09/14/2020 08:00:00 AM,146
09/14/2020 11:00:00 AM,262
09/14/2020 12:00:00 PM,294
09/14/2020 01:00:00 PM,318
09/14/2020 02:00:00 PM,401
09/14/2020 03:00:00 PM,564
09/14/2020 05:00:00 PM,724
09/14/2020 07:00:00 PM,622
09/14/2020 08:00:00 PM,500
09/15/2020 05:00:00 AM,30
09/15/2020 06:00:00 AM,88
09/15/2020 08:00:00 AM,167
09/15/2020 09:00:00 AM,182
09/15/2020 11:00:00 AM,332
09/15/2020 12:00:00 PM,416
09/15/2020 01:00:00 PM,423
09/15/2020 02:00:00 PM,480
09/15/2020 04:00:00 PM,709
09/15/2020 05:00:00 PM,890
09/15/2020 06:00:00 PM,855
09/15/2020 07:00:00 PM,844
09/15/2020 08:00:00 PM,616
09/15/2020 09:00:00 PM,539
09/16/2020 07:00:00 AM,156
09/16/2020 08:00:00 AM,182
09/16/2020 09:00:00 AM,213
09/16/2020 10:00:00 AM,289
09/16/2020 11:00:00 AM,308
09/16/2020 12:00:00 PM,392
09/16/2020 01:00:00 PM,464
09/16/2020 02:00:00 PM,513
09/16/2020 03:00:00 PM,609
09/16/2020 04:00:00 PM,696
09/16/2020 05:00:00 PM,933
09/16/2020 06:00:00 PM,1042
09/16/2020 07:00:00 PM,793
09/16/2020 08:00:00 PM,574
09/17/2020 06:00:00 AM,96
09/17/2020 09:00:00 AM,196
09/17/2020 10:00:00 AM,261
09/17/2020 11:00:00 AM,357
09/17/2020 12:00:00 PM,435
09/17/2020 01:00:00 PM,461
09/17/2020 02:00:00 PM,477
09/17/2020 03:00:00 PM,515
09/17/2020 04:00:00 PM,666
09/17/2020 05:00:00 PM,860
09/17/2020 06:00:00 PM,847
09/17/2020 07:00:00 PM,713
09/17/2020 08:00:00 PM,545
09/18/2020 11:00:00 AM,319
09/18/2020 01:00:00 PM,442
09/18/2020 02:00:00 PM,468
09/18/2020 04:00:00 PM,684
09/18/2020 05:00:00 PM,826
09/18/2020 06:00:00 PM,827
09/18/2020 08:00:00 PM,575
09/19/2020 08:00:00 AM,188
09/19/2020 09:00:00 AM,263
09/19/2020 10:00:00 AM,439
09/19/2020 11:00:00 AM,547
09/19/2020 12:00:00 PM,775
09/19/2020 01:00:00 PM,837
09/19/2020 03:00:00 PM,1033
09/19/2020 04:00:00 PM,1048
09/19/2020 05:00:00 PM,1083
09/19/2020 06:00:00 PM,1146
09/20/2020 07:00:00 AM,83
09/20/2020 09:00:00 AM,237
09/20/2020 10:00:00 AM,401
09/20/2020 01:00:00 PM,769
09/20/2020 02:00:00 PM,817
09/20/2020 03:00:00 PM,1074
09/20/2020 04:00:00 PM,1027
09/20/2020 05:00:00 PM,1028
09/20/2020 06:00:00 PM,1008
09/20/2020 07:00:00 PM,729
09/20/2020 08:00:00 PM,538
09/20/2020 09:00:00 PM,419
09/21/2020 10:00:00 AM,206
09/21/2020 12:00:00 PM,338
09/21/2020 02:00:00 PM,305
09/21/2020 03:00:00 PM,438
09/21/2020 05:00:00 PM,513
09/21/2020 06:00:00 PM,491
09/21/2020 07:00:00 PM,334
09/21/2020 09:00:00 PM,191
09/22/2020 05:00:00 AM,32
09/22/2020 09:00:00 AM,191
09/22/2020 10:00:00 AM,216
09/22/2020 11:00:00 AM,311
09/22/2020 12:00:00 PM,384
09/22/2020 01:00:00 PM,390
09/22/2020 02:00:00 PM,440
09/22/2020 03:00:00 PM,508
09/22/2020 04:00:00 PM,661
09/22/2020 05:00:00 PM,921
09/22/2020 06:00:00 PM,912
09/22/2020 07:00:00 PM,705
09/22/2020 08:00:00 PM,524
09/23/2020 07:00:00 AM,150
09/23/2020 09:00:00 AM,205
09/23/2020 10:00:00 AM,277
09/23/2020 11:00:00 AM,377
09/23/2020 12:00:00 PM,430
09/23/2020 02:00:00 PM,498
09/23/2020 03:00:00 PM,606
09/23/2020 04:00:00 PM,736
09/23/2020 05:00:00 PM,867
09/23/2020 06:00:00 PM,915
09/23/2020 07:00:00 PM,764
09/24/2020 06:00:00 AM,84
09/24/2020 08:00:00 AM,191
09/24/2020 09:00:00 AM,249
09/24/2020 10:00:00 AM,258
09/24/2020 11:00:00 AM,401
09/24/2020 12:00:00 PM,472
09/24/2020 01:00:00 PM,448
09/24/2020 02:00:00 PM,468
09/24/2020 03:00:00 PM,475
09/24/2020 04:00:00 PM,784
09/24/2020 05:00:00 PM,982
09/24/2020 06:00:00 PM,967
09/24/2020 08:00:00 PM,695
09/24/2020 09:00:00 PM,489
09/25/2020 05:00:00 AM,37
09/25/2020 07:00:00 AM,176
09/25/2020 09:00:00 AM,249
09/25/2020 10:00:00 AM,364
09/25/2020 11:00:00 AM,435
09/25/2020 12:00:00 PM,503
09/25/2020 01:00:00 PM,513
09/25/2020 02:00:00 PM,647
09/25/2020 03:00:00 PM,706
09/25/2020 04:00:00 PM,925
09/25/2020 05:00:00 PM,1133
09/25/2020 06:00:00 PM,1292
09/25/2020 07:00:00 PM,1117
09/25/2020 08:00:00 PM,924
09/25/2020 09:00:00 PM,784
09/26/2020 06:00:00 AM,67
09/26/2020 07:00:00 AM,121
09/26/2020 08:00:00 AM,206
09/26/2020 10:00:00 AM,457
09/26/2020 11:00:00 AM,596
09/26/2020 12:00:00 PM,794
09/26/2020 01:00:00 PM,813
09/26/2020 02:00:00 PM,893
09/26/2020 03:00:00 PM,1109
09/26/2020 04:00:00 PM,1049
09/26/2020 05:00:00 PM,1186
09/26/2020 07:00:00 PM,979
09/26/2020 08:00:00 PM,822
09/26/2020 09:00:00 PM,741
09/27/2020 09:00:00 AM,261
09/27/2020 10:00:00 AM,392
09/27/2020 11:00:00 AM,627
09/27/2020 12:00:00 PM,685
09/27/2020 01:00:00 PM,721
09/27/2020 02:00:00 PM,711
09/27/2020 03:00:00 PM,927
09/27/2020 04:00:00 PM,994
09/27/2020 05:00:00 PM,931
09/27/2020 06:00:00 PM,915
09/27/2020 07:00:00 PM,637
09/27/2020 08:00:00 PM,422
09/27/2020 09:00:00 PM,269
09/28/2020 07:00:00 AM,92
09/28/2020 08:00:00 AM,118
09/28/2020 09:00:00 AM,148
09/28/2020 10:00:00 AM,184
09/28/2020 11:00:00 AM,197
09/28/2020 12:00:00 PM,285
09/28/2020 01:00:00 PM,279
09/28/2020 02:00:00 PM,304
09/28/2020 03:00:00 PM,311
09/28/2020 04:00:00 PM,389
09/28/2020 05:00:00 PM,417
09/28/2020 06:00:00 PM,464
09/28/2020 07:00:00 PM,346
09/28/2020 08:00:00 PM,248
09/28/2020 09:00:00 PM,199
09/29/2020 05:00:00 AM,25
09/29/2020 07:00:00 AM,120
09/29/2020 09:00:00 AM,158
09/29/2020 11:00:00 AM,248
09/29/2020 12:00:00 PM,333
09/29/2020 02:00:00 PM,330
09/29/2020 03:00:00 PM,436
09/29/2020 04:00:00 PM,469
09/29/2020 05:00:00 PM,640
09/29/2020 06:00:00 PM,575
09/29/2020 07:00:00 PM,440
09/29/2020 08:00:00 PM,261
09/29/2020 09:00:00 PM,299
09/30/2020 09:00:00 AM,175
09/30/2020 12:00:00 PM,315
09/30/2020 01:00:00 PM,301
09/30/2020 02:00:00 PM,380
09/30/2020 03:00:00 PM,397
09/30/2020 04:00:00 PM,520
09/30/2020 05:00:00 PM,724
09/30/2020 07:00:00 PM,530
09/30/2020 08:00:00 PM,397
10/01/2020 08:00:00 AM,167
10/01/2020 09:00:00 AM,185
10/01/2020 10:00:00 AM,216
10/01/2020 11:00:00 AM,291
10/01/2020 12:00:00 PM,323
10/01/2020 01:00:00 PM,306
10/01/2020 02:00:00 PM,349
10/01/2020 04:00:00 PM,369
10/01/2020 06:00:00 PM,426
10/02/2020 06:00:00 AM,75
10/02/2020 09:00:00 AM,162
10/02/2020 01:00:00 PM,394
10/02/2020 02:00:00 PM,425
10/02/2020 03:00:00 PM,474
10/02/2020 04:00:00 PM,610
10/02/2020 05:00:00 PM,798
10/02/2020 06:00:00 PM,766
10/02/2020 07:00:00 PM,590
10/02/2020 08:00:00 PM,515
10/02/2020 09:00:00 PM,411
10/03/2020 09:00:00 AM,219
10/03/2020 10:00:00 AM,338
10/03/2020 11:00:00 AM,396
10/03/2020 01:00:00 PM,668
10/03/2020 02:00:00 PM,775
10/03/2020 03:00:00 PM,782
10/03/2020 04:00:00 PM,689
10/03/2020 05:00:00 PM,600
10/03/2020 06:00:00 PM,545
10/03/2020 07:00:00 PM,353
10/03/2020 08:00:00 PM,282
10/04/2020 07:00:00 AM,43
10/04/2020 10:00:00 AM,293
10/04/2020 01:00:00 PM,500
10/04/2020 02:00:00 PM,652
10/04/2020 03:00:00 PM,634
10/04/2020 04:00:00 PM,609
10/04/2020 05:00:00 PM,602
10/04/2020 06:00:00 PM,685
10/04/2020 07:00:00 PM,478
10/05/2020 07:00:00 AM,97
10/05/2020 09:00:00 AM,147
10/05/2020 10:00:00 AM,182
10/05/2020 11:00:00 AM,226
10/05/2020 02:00:00 PM,310
10/05/2020 03:00:00 PM,374
10/05/2020 04:00:00 PM,436
10/05/2020 06:00:00 PM,527
10/05/2020 07:00:00 PM,389
10/06/2020 05:00:00 AM,24
10/06/2020 07:00:00 AM,100
10/06/2020 09:00:00 AM,148
10/06/2020 10:00:00 AM,166
10/06/2020 01:00:00 PM,342
10/06/2020 02:00:00 PM,353
10/06/2020 03:00:00 PM,448
10/06/2020 04:00:00 PM,526
10/06/2020 05:00:00 PM,679
10/06/2020 06:00:00 PM,723
10/06/2020 07:00:00 PM,515
10/06/2020 08:00:00 PM,418
10/07/2020 05:00:00 AM,54
10/07/2020 07:00:00 AM,118
10/07/2020 09:00:00 AM,168
10/07/2020 11:00:00 AM,262
10/07/2020 12:00:00 PM,371
10/07/2020 01:00:00 PM,360
10/07/2020 02:00:00 PM,448
10/07/2020 03:00:00 PM,491
10/07/2020 04:00:00 PM,614
10/07/2020 05:00:00 PM,782
10/07/2020 06:00:00 PM,757
10/07/2020 07:00:00 PM,571
10/07/2020 08:00:00 PM,404
10/07/2020 09:00:00 PM,356
10/08/2020 07:00:00 AM,146
10/08/2020 08:00:00 AM,185
10/08/2020 09:00:00 AM,167
10/08/2020 12:00:00 PM,358
10/08/2020 01:00:00 PM,348
10/08/2020 02:00:00 PM,354
10/08/2020 03:00:00 PM,419
10/08/2020 05:00:00 PM,641
10/08/2020 06:00:00 PM,815
10/08/2020 07:00:00 PM,564
10/09/2020 05:00:00 AM,31
10/09/2020 07:00:00 AM,128
10/09/2020 08:00:00 AM,216
10/09/2020 09:00:00 AM,174
10/09/2020 10:00:00 AM,268
10/09/2020 11:00:00 AM,331
10/09/2020 12:00:00 PM,424
10/09/2020 01:00:00 PM,527
10/09/2020 02:00:00 PM,634
10/09/2020 03:00:00 PM,709
10/09/2020 04:00:00 PM,810
10/09/2020 05:00:00 PM,1082
10/09/2020 06:00:00 PM,1167
10/09/2020 07:00:00 PM,914
10/09/2020 08:00:00 PM,821
10/09/2020 09:00:00 PM,682
10/10/2020 06:00:00 AM,54
10/10/2020 07:00:00 AM,96
10/10/2020 10:00:00 AM,466
10/10/2020 11:00:00 AM,596
10/10/2020 12:00:00 PM,670
10/10/2020 01:00:00 PM,840
10/10/2020 02:00:00 PM,887
10/10/2020 04:00:00 PM,1020
10/10/2020 05:00:00 PM,987
10/10/2020 06:00:00 PM,881
10/10/2020 09:00:00 PM,457
10/11/2020 07:00:00 AM,72
10/11/2020 12:00:00 PM,614
10/11/2020 01:00:00 PM,630
10/11/2020 02:00:00 PM,754
10/11/2020 03:00:00 PM,806
10/11/2020 04:00:00 PM,839
10/11/2020 05:00:00 PM,753
10/11/2020 07:00:00 PM,534
10/12/2020 09:00:00 AM,168
10/12/2020 10:00:00 AM,216
10/12/2020 01:00:00 PM,138
10/12/2020 02:00:00 PM,109
10/12/2020 05:00:00 PM,451
10/12/2020 06:00:00 PM,418
10/12/2020 07:00:00 PM,360
10/12/2020 08:00:00 PM,238
10/13/2020 06:00:00 AM,65
10/13/2020 10:00:00 AM,169
10/13/2020 12:00:00 PM,312
10/13/2020 01:00:00 PM,295
10/13/2020 02:00:00 PM,322
10/13/2020 03:00:00 PM,465
10/13/2020 04:00:00 PM,449
10/13/2020 05:00:00 PM,676
10/13/2020 06:00:00 PM,627
10/13/2020 07:00:00 PM,414
10/13/2020 09:00:00 PM,314
10/14/2020 09:00:00 AM,183
10/14/2020 11:00:00 AM,240
10/14/2020 02:00:00 PM,383
10/14/2020 03:00:00 PM,486
10/14/2020 04:00:00 PM,538
10/14/2020 05:00:00 PM,674
10/14/2020 06:00:00 PM,628
10/14/2020 07:00:00 PM,544
10/14/2020 09:00:00 PM,372
10/15/2020 08:00:00 AM,149
10/15/2020 09:00:00 AM,165
10/15/2020 02:00:00 PM,311
10/15/2020 03:00:00 PM,357
10/15/2020 04:00:00 PM,430
10/15/2020 05:00:00 PM,566
10/15/2020 06:00:00 PM,526
10/15/2020 07:00:00 PM,369
10/16/2020 08:00:00 AM,157
10/16/2020 09:00:00 AM,154
10/16/2020 01:00:00 PM,352
10/16/2020 02:00:00 PM,354
10/16/2020 03:00:00 PM,520
10/16/2020 04:00:00 PM,477
10/16/2020 06:00:00 PM,597
10/16/2020 07:00:00 PM,466
10/16/2020 08:00:00 PM,367
10/16/2020 09:00:00 PM,331
10/17/2020 07:00:00 AM,65
10/17/2020 10:00:00 AM,294
10/17/2020 11:00:00 AM,324
10/17/2020 12:00:00 PM,362
10/17/2020 01:00:00 PM,536
10/17/2020 02:00:00 PM,728
10/17/2020 03:00:00 PM,658
10/17/2020 06:00:00 PM,557
10/17/2020 09:00:00 PM,407
10/18/2020 10:00:00 AM,83
10/18/2020 02:00:00 PM,152
10/18/2020 07:00:00 PM,178
10/19/2020 07:00:00 AM,94
10/19/2020 08:00:00 AM,129
10/19/2020 09:00:00 AM,146
10/19/2020 11:00:00 AM,203
10/19/2020 01:00:00 PM,242
10/19/2020 02:00:00 PM,241
10/19/2020 03:00:00 PM,210
10/19/2020 05:00:00 PM,183
10/19/2020 06:00:00 PM,183
10/19/2020 09:00:00 PM,119
10/20/2020 09:00:00 AM,94
10/20/2020 02:00:00 PM,245
10/20/2020 08:00:00 PM,90
10/20/2020 09:00:00 PM,93
10/21/2020 09:00:00 AM,123
10/21/2020 11:00:00 AM,171
10/21/2020 02:00:00 PM,265
10/21/2020 03:00:00 PM,346
10/21/2020 05:00:00 PM,524
10/22/2020 09:00:00 AM,102
10/22/2020 10:00:00 AM,138
10/22/2020 12:00:00 PM,234
10/22/2020 02:00:00 PM,239
10/22/2020 03:00:00 PM,356
10/22/2020 04:00:00 PM,481
10/22/2020 05:00:00 PM,691
10/22/2020 06:00:00 PM,732
10/23/2020 07:00:00 AM,106
10/23/2020 08:00:00 AM,103
10/23/2020 09:00:00 AM,52
10/23/2020 06:00:00 PM,373
10/23/2020 07:00:00 PM,289
10/24/2020 10:00:00 AM,238
10/24/2020 01:00:00 PM,482
10/24/2020 03:00:00 PM,483
10/24/2020 07:00:00 PM,303
10/24/2020 08:00:00 PM,258
10/25/2020 05:00:00 PM,305
10/25/2020 06:00:00 PM,253
10/25/2020 09:00:00 PM,122
10/26/2020 09:00:00 AM,99
10/26/2020 02:00:00 PM,112
10/26/2020 03:00:00 PM,174
10/26/2020 06:00:00 PM,245
10/26/2020 07:00:00 PM,163
10/27/2020 09:00:00 AM,56
10/27/2020 02:00:00 PM,122
10/27/2020 06:00:00 PM,244
10/28/2020 12:00:00 PM,208
10/28/2020 01:00:00 PM,213
10/28/2020 05:00:00 PM,367
10/28/2020 06:00:00 PM,316
10/28/2020 08:00:00 PM,188
10/28/2020 09:00:00 PM,134
10/29/2020 07:00:00 AM,86
10/29/2020 09:00:00 AM,99
10/29/2020 10:00:00 AM,114
10/29/2020 11:00:00 AM,165
10/29/2020 06:00:00 PM,302
10/29/2020 07:00:00 PM,212
10/29/2020 08:00:00 PM,170
10/30/2020 09:00:00 AM,118
10/30/2020 10:00:00 AM,155
10/30/2020 02:00:00 PM,232
10/30/2020 08:00:00 PM,188
10/31/2020 08:00:00 AM,73
10/31/2020 12:00:00 PM,379
10/31/2020 01:00:00 PM,426
10/31/2020 02:00:00 PM,524
10/31/2020 05:00:00 PM,584
10/31/2020 06:00:00 PM,460
10/31/2020 07:00:00 PM,345
11/01/2020 07:00:00 PM,140
11/01/2020 09:00:00 PM,77
11/02/2020 05:00:00 AM,11
11/02/2020 09:00:00 AM,81
11/02/2020 02:00:00 PM,188
11/02/2020 03:00:00 PM,231
11/02/2020 05:00:00 PM,238
11/02/2020 06:00:00 PM,196
11/02/2020 07:00:00 PM,145
11/03/2020 07:00:00 AM,95
11/03/2020 08:00:00 AM,101
11/03/2020 09:00:00 AM,152
11/03/2020 03:00:00 PM,508
11/03/2020 04:00:00 PM,516
11/03/2020 05:00:00 PM,507
11/03/2020 06:00:00 PM,381
11/04/2020 07:00:00 AM,84
11/04/2020 09:00:00 AM,128
11/04/2020 11:00:00 AM,181
11/04/2020 02:00:00 PM,266
11/04/2020 05:00:00 PM,410
11/04/2020 07:00:00 PM,283
11/05/2020 09:00:00 AM,138
11/05/2020 10:00:00 AM,153
11/05/2020 12:00:00 PM,258
11/05/2020 03:00:00 PM,360
11/05/2020 06:00:00 PM,371
11/05/2020 07:00:00 PM,311
11/05/2020 08:00:00 PM,229
11/05/2020 09:00:00 PM,249
11/06/2020 12:00:00 PM,359
11/06/2020 02:00:00 PM,418
11/06/2020 04:00:00 PM,637
11/06/2020 05:00:00 PM,661
11/06/2020 06:00:00 PM,632
11/06/2020 07:00:00 PM,577
11/06/2020 09:00:00 PM,379
11/07/2020 09:00:00 AM,192
11/07/2020 12:00:00 PM,622
11/07/2020 01:00:00 PM,784
11/07/2020 02:00:00 PM,1024
11/07/2020 03:00:00 PM,1005
11/07/2020 04:00:00 PM,1028
11/07/2020 06:00:00 PM,702
11/07/2020 07:00:00 PM,524
11/07/2020 09:00:00 PM,429
11/08/2020 10:00:00 AM,299
11/08/2020 12:00:00 PM,482
11/08/2020 01:00:00 PM,582
11/08/2020 02:00:00 PM,686
11/08/2020 03:00:00 PM,748
11/08/2020 04:00:00 PM,783
11/08/2020 08:00:00 PM,341
11/08/2020 09:00:00 PM,235
11/09/2020 08:00:00 AM,121
11/09/2020 01:00:00 PM,302
11/09/2020 02:00:00 PM,266
11/09/2020 04:00:00 PM,438
11/09/2020 05:00:00 PM,476
11/09/2020 06:00:00 PM,414
11/09/2020 09:00:00 PM,228
11/10/2020 08:00:00 AM,141
11/10/2020 09:00:00 AM,129
11/10/2020 11:00:00 AM,190
11/10/2020 12:00:00 PM,228
11/10/2020 01:00:00 PM,232
11/10/2020 02:00:00 PM,276
11/10/2020 04:00:00 PM,328
11/10/2020 05:00:00 PM,243
11/10/2020 08:00:00 PM,69
11/10/2020 09:00:00 PM,84
11/11/2020 09:00:00 AM,91
11/11/2020 01:00:00 PM,221
11/11/2020 02:00:00 PM,208
11/11/2020 03:00:00 PM,234
11/11/2020 05:00:00 PM,255
11/11/2020 06:00:00 PM,197
11/11/2020 09:00:00 PM,121
11/12/2020 09:00:00 AM,107
11/12/2020 12:00:00 PM,168
11/12/2020 01:00:00 PM,162
11/12/2020 02:00:00 PM,233
11/12/2020 04:00:00 PM,268
11/13/2020 09:00:00 AM,76
11/13/2020 12:00:00 PM,186
11/13/2020 03:00:00 PM,259
11/13/2020 04:00:00 PM,253
11/13/2020 05:00:00 PM,287
11/13/2020 08:00:00 PM,176
11/14/2020 11:00:00 AM,234
11/14/2020 05:00:00 PM,231
11/15/2020 10:00:00 AM,87
11/15/2020 04:00:00 PM,131
11/15/2020 08:00:00 PM,60
11/16/2020 09:00:00 AM,67
11/16/2020 10:00:00 AM,94
11/16/2020 02:00:00 PM,137
11/16/2020 03:00:00 PM,158
11/17/2020 07:00:00 PM,110
11/18/2020 02:00:00 PM,162
11/18/2020 05:00:00 PM,212
11/18/2020 07:00:00 PM,129
11/19/2020 09:00:00 AM,109
11/19/2020 10:00:00 AM,117
11/19/2020 11:00:00 AM,184
11/19/2020 02:00:00 PM,244
11/19/2020 03:00:00 PM,262
11/19/2020 04:00:00 PM,341
11/19/2020 06:00:00 PM,299
11/20/2020 09:00:00 AM,120
11/20/2020 12:00:00 PM,212
11/20/2020 01:00:00 PM,274
11/20/2020 02:00:00 PM,281
11/20/2020 03:00:00 PM,292
11/21/2020 08:00:00 AM,74
11/21/2020 11:00:00 AM,197
11/21/2020 03:00:00 PM,327
11/21/2020 06:00:00 PM,205
11/21/2020 08:00:00 PM,184
11/21/2020 09:00:00 PM,149
11/22/2020 05:00:00 PM,170
11/22/2020 06:00:00 PM,135
11/22/2020 07:00:00 PM,131
11/22/2020 09:00:00 PM,96
11/23/2020 09:00:00 AM,60
11/23/2020 11:00:00 AM,114
11/23/2020 02:00:00 PM,142
11/23/2020 04:00:00 PM,185
11/23/2020 08:00:00 PM,66
11/23/2020 09:00:00 PM,67
11/24/2020 03:00:00 PM,63
11/24/2020 09:00:00 PM,42
11/25/2020 05:00:00 PM,144
11/26/2020 09:00:00 PM,73
11/27/2020 02:00:00 PM,191
11/28/2020 10:00:00 AM,85
11/28/2020 08:00:00 PM,108
11/28/2020 09:00:00 PM,91
11/29/2020 01:00:00 PM,183
11/29/2020 04:00:00 PM,172
11/29/2020 07:00:00 PM,86
11/30/2020 03:00:00 PM,103
11/30/2020 09:00:00 PM,33
12/01/2020 12:00:00 PM,90
12/01/2020 03:00:00 PM,122
12/02/2020 11:00:00 AM,87
12/02/2020 02:00:00 PM,125
12/02/2020 03:00:00 PM,129
12/02/2020 07:00:00 PM,111
12/03/2020 11:00:00 AM,72
12/03/2020 01:00:00 PM,135
12/03/2020 02:00:00 PM,121
12/03/2020 06:00:00 PM,140
12/04/2020 09:00:00 AM,61
12/04/2020 02:00:00 PM,152
12/04/2020 03:00:00 PM,168
12/04/2020 08:00:00 PM,133
12/05/2020 09:00:00 AM,87
12/05/2020 03:00:00 PM,231
12/06/2020 01:00:00 PM,140
12/06/2020 03:00:00 PM,157
12/06/2020 07:00:00 PM,99
12/07/2020 03:00:00 PM,92
12/07/2020 04:00:00 PM,118
12/08/2020 12:00:00 PM,74
12/08/2020 09:00:00 PM,58
12/09/2020 04:00:00 PM,211
12/10/2020 06:00:00 AM,16
12/10/2020 04:00:00 PM,184
12/10/2020 05:00:00 PM,176
12/10/2020 07:00:00 PM,131
12/11/2020 03:00:00 PM,87
12/11/2020 05:00:00 PM,62
08/14/2020 07:00:00 PM,751
09/10/2020 01:00:00 PM,406
08/15/2020 08:00:00 PM,497
08/17/2020 11:00:00 AM,187
08/19/2020 12:00:00 PM,333
08/20/2020 10:00:00 AM,124
08/20/2020 12:00:00 PM,222
08/20/2020 01:00:00 PM,220
08/21/2020 08:00:00 AM,164
08/22/2020 01:00:00 PM,769
08/22/2020 04:00:00 PM,933
08/22/2020 09:00:00 PM,633
08/24/2020 10:00:00 AM,184
08/24/2020 05:00:00 PM,632
08/29/2020 06:00:00 PM,1279
09/01/2020 11:00:00 AM,327
09/03/2020 03:00:00 PM,571
09/09/2020 10:00:00 AM,162
09/13/2020 03:00:00 PM,1109
09/18/2020 12:00:00 PM,409
09/19/2020 02:00:00 PM,893
10/08/2020 08:00:00 PM,358
10/10/2020 03:00:00 PM,1000
10/10/2020 07:00:00 PM,682
10/10/2020 08:00:00 PM,557
10/12/2020 09:00:00 PM,174
10/13/2020 11:00:00 AM,262
10/20/2020 07:00:00 AM,88
10/21/2020 07:00:00 AM,102
10/21/2020 12:00:00 PM,267
10/21/2020 07:00:00 PM,171
10/23/2020 11:00:00 AM,80
10/23/2020 05:00:00 PM,363
10/25/2020 04:00:00 PM,292
10/27/2020 07:00:00 PM,179
10/28/2020 07:00:00 AM,74
10/29/2020 12:00:00 PM,161
10/29/2020 01:00:00 PM,166
11/05/2020 04:00:00 PM,420
11/10/2020 06:00:00 AM,80
11/11/2020 08:00:00 AM,80
11/11/2020 04:00:00 PM,267
11/14/2020 09:00:00 AM,125
11/17/2020 05:00:00 AM,18
11/17/2020 03:00:00 PM,184
11/18/2020 07:00:00 AM,48
11/28/2020 02:00:00 PM,305
12/03/2020 12:00:00 PM,89
12/08/2020 06:00:00 PM,113
08/14/2020 11:00:00 AM,260
08/14/2020 12:00:00 PM,311
08/14/2020 02:00:00 PM,379
08/16/2020 09:00:00 AM,178
08/16/2020 03:00:00 PM,728
08/19/2020 09:00:00 PM,293
08/24/2020 11:00:00 AM,263
08/24/2020 03:00:00 PM,440
08/27/2020 08:00:00 PM,737
08/30/2020 08:00:00 AM,146
08/31/2020 09:00:00 PM,548
09/01/2020 09:00:00 AM,192
09/01/2020 07:00:00 PM,422
09/02/2020 09:00:00 AM,186
09/03/2020 11:00:00 AM,385
09/03/2020 12:00:00 PM,518
09/04/2020 10:00:00 AM,313
09/06/2020 10:00:00 AM,118
09/08/2020 01:00:00 PM,238
09/13/2020 05:00:00 PM,1090
09/14/2020 09:00:00 AM,145
09/17/2020 09:00:00 PM,490
09/18/2020 05:00:00 AM,57
09/18/2020 09:00:00 AM,202
09/18/2020 03:00:00 PM,613
09/18/2020 09:00:00 PM,466
09/19/2020 08:00:00 PM,672
09/20/2020 08:00:00 AM,131
09/20/2020 11:00:00 AM,687
09/21/2020 05:00:00 AM,34
09/23/2020 08:00:00 AM,198
09/24/2020 07:00:00 AM,164
09/26/2020 05:00:00 AM,38
09/29/2020 10:00:00 AM,212
09/29/2020 01:00:00 PM,351
10/01/2020 08:00:00 PM,300
10/05/2020 12:00:00 PM,246
10/05/2020 01:00:00 PM,289
10/11/2020 09:00:00 PM,343
10/17/2020 07:00:00 PM,495
10/18/2020 11:00:00 AM,162
10/18/2020 05:00:00 PM,266
10/20/2020 10:00:00 AM,121
10/20/2020 04:00:00 PM,294
10/21/2020 08:00:00 AM,120
10/21/2020 01:00:00 PM,305
10/22/2020 01:00:00 PM,263
10/22/2020 07:00:00 PM,515
10/22/2020 08:00:00 PM,397
10/23/2020 03:00:00 PM,185
10/25/2020 03:00:00 PM,373
10/25/2020 08:00:00 PM,148
10/26/2020 11:00:00 AM,61
10/28/2020 07:00:00 PM,253
11/01/2020 03:00:00 PM,236
11/02/2020 11:00:00 AM,110
11/02/2020 01:00:00 PM,159
11/02/2020 08:00:00 PM,128
11/03/2020 10:00:00 AM,200
11/03/2020 11:00:00 AM,252
11/03/2020 07:00:00 PM,243
11/04/2020 08:00:00 PM,205
11/06/2020 09:00:00 AM,151
11/06/2020 01:00:00 PM,402
11/07/2020 11:00:00 AM,448
11/07/2020 05:00:00 PM,788
11/08/2020 11:00:00 AM,378
11/10/2020 03:00:00 PM,264
11/14/2020 12:00:00 PM,220
11/14/2020 06:00:00 PM,169
11/16/2020 08:00:00 PM,96
11/21/2020 05:00:00 PM,180
11/28/2020 05:00:00 AM,12
12/03/2020 10:00:00 AM,63
12/04/2020 12:00:00 PM,108
12/08/2020 04:00:00 PM,118
12/09/2020 03:00:00 PM,166
12/11/2020 12:00:00 PM,93
09/21/2020 07:00:00 AM,120
08/25/2020 06:00:00 PM,814
08/28/2020 11:00:00 AM,374
08/29/2020 07:00:00 AM,116
08/30/2020 06:00:00 AM,47
09/30/2020 07:00:00 AM,111
10/10/2020 09:00:00 AM,282
10/12/2020 07:00:00 AM,103
10/12/2020 08:00:00 AM,150
10/31/2020 09:00:00 AM,129
11/01/2020 11:00:00 AM,175
11/12/2020 11:00:00 AM,161
11/27/2020 03:00:00 PM,229
11/30/2020 07:00:00 PM,51
12/05/2020 04:00:00 PM,198
08/17/2020 09:00:00 AM,112
08/26/2020 06:00:00 PM,943
09/09/2020 12:00:00 PM,308
09/20/2020 12:00:00 PM,716
10/04/2020 08:00:00 PM,341
11/18/2020 08:00:00 PM,100
10/18/2020 07:00:00 AM,52
11/09/2020 11:00:00 AM,214
11/26/2020 03:00:00 PM,130
12/01/2020 04:00:00 PM,119
08/16/2020 01:00:00 PM,586
08/28/2020 12:00:00 PM,481
10/17/2020 09:00:00 AM,209
11/08/2020 05:00:00 PM,599
11/20/2020 05:00:00 AM,24
08/12/2020 11:00:00 AM,152
08/12/2020 01:00:00 PM,204
08/14/2020 01:00:00 PM,346
08/17/2020 03:00:00 PM,406
08/19/2020 06:00:00 PM,712
08/21/2020 09:00:00 PM,660
08/23/2020 09:00:00 PM,402
08/24/2020 12:00:00 PM,374
08/26/2020 10:00:00 AM,274
08/27/2020 08:00:00 AM,197
08/28/2020 10:00:00 AM,298
08/28/2020 08:00:00 PM,952
08/29/2020 08:00:00 AM,201
08/29/2020 11:00:00 AM,566
08/30/2020 09:00:00 AM,283
09/02/2020 09:00:00 PM,589
09/03/2020 08:00:00 PM,754
09/09/2020 08:00:00 AM,111
09/09/2020 03:00:00 PM,408
09/14/2020 04:00:00 PM,652
09/14/2020 09:00:00 PM,372
09/15/2020 03:00:00 PM,576
09/16/2020 09:00:00 PM,524
09/22/2020 08:00:00 AM,174
09/22/2020 09:00:00 PM,451
09/23/2020 01:00:00 PM,429
09/26/2020 06:00:00 PM,1166
09/30/2020 08:00:00 AM,160
09/30/2020 11:00:00 AM,241
09/30/2020 09:00:00 PM,306
10/04/2020 12:00:00 PM,483
10/05/2020 08:00:00 AM,148
10/05/2020 09:00:00 PM,212
10/14/2020 12:00:00 PM,325
10/14/2020 01:00:00 PM,283
10/16/2020 12:00:00 PM,320
10/16/2020 05:00:00 PM,561
10/17/2020 04:00:00 PM,640
10/18/2020 09:00:00 AM,141
10/18/2020 06:00:00 PM,254
10/19/2020 12:00:00 PM,227
10/19/2020 04:00:00 PM,162
10/20/2020 08:00:00 AM,109
10/20/2020 05:00:00 PM,375
10/24/2020 12:00:00 PM,417
10/24/2020 04:00:00 PM,521
10/24/2020 05:00:00 PM,529
10/24/2020 09:00:00 PM,287
10/25/2020 11:00:00 AM,284
10/27/2020 03:00:00 PM,168
10/29/2020 02:00:00 PM,184
10/29/2020 03:00:00 PM,194
10/30/2020 03:00:00 PM,284
10/30/2020 06:00:00 PM,318
10/31/2020 04:00:00 PM,571
10/31/2020 09:00:00 PM,190
11/04/2020 03:00:00 PM,343
11/04/2020 06:00:00 PM,328
11/04/2020 09:00:00 PM,155
11/05/2020 08:00:00 AM,127
11/13/2020 06:00:00 PM,255
11/13/2020 07:00:00 PM,202
11/15/2020 05:00:00 PM,89
11/17/2020 06:00:00 PM,193
11/17/2020 08:00:00 PM,77
11/20/2020 04:00:00 PM,347
11/20/2020 07:00:00 PM,257
11/28/2020 08:00:00 AM,34
11/28/2020 07:00:00 PM,141
11/30/2020 05:00:00 PM,110
12/04/2020 05:00:00 PM,191
12/06/2020 12:00:00 PM,110
12/07/2020 09:00:00 AM,55
12/07/2020 10:00:00 AM,61
12/07/2020 05:00:00 PM,106
12/07/2020 09:00:00 PM,52
09/04/2020 04:00:00 PM,893
09/18/2020 08:00:00 AM,176
09/25/2020 08:00:00 AM,233
10/03/2020 12:00:00 PM,538
10/15/2020 07:00:00 AM,136
10/20/2020 07:00:00 PM,97
10/23/2020 06:00:00 AM,70
10/25/2020 09:00:00 AM,140
10/29/2020 04:00:00 PM,266
10/31/2020 08:00:00 PM,275
11/07/2020 08:00:00 AM,117
11/09/2020 10:00:00 AM,155
11/20/2020 08:00:00 AM,131
12/02/2020 08:00:00 AM,61
12/03/2020 08:00:00 AM,55
08/14/2020 08:00:00 AM,97
08/15/2020 01:00:00 PM,568
08/16/2020 11:00:00 AM,371
11/03/2020 02:00:00 PM,396
09/11/2020 10:00:00 AM,155
10/02/2020 12:00:00 PM,323
10/15/2020 01:00:00 PM,297
10/28/2020 09:00:00 AM,93
10/28/2020 04:00:00 PM,302
11/04/2020 04:00:00 PM,447
08/13/2020 11:00:00 AM,199
08/20/2020 03:00:00 PM,281
08/27/2020 01:00:00 PM,435
08/23/2020 06:00:00 AM,43
09/07/2020 07:00:00 PM,914
09/10/2020 08:00:00 AM,185
09/10/2020 09:00:00 PM,176
09/22/2020 06:00:00 AM,82
10/01/2020 05:00:00 PM,353
10/03/2020 08:00:00 AM,142
10/06/2020 08:00:00 AM,152
10/08/2020 11:00:00 AM,294
10/12/2020 03:00:00 PM,211
10/14/2020 08:00:00 AM,155
10/15/2020 05:00:00 AM,37
10/22/2020 08:00:00 AM,103
10/31/2020 03:00:00 PM,513
11/01/2020 02:00:00 PM,223
11/03/2020 01:00:00 PM,361
11/06/2020 03:00:00 PM,548
11/09/2020 03:00:00 PM,350
11/14/2020 03:00:00 PM,319
11/22/2020 03:00:00 PM,195
11/23/2020 03:00:00 PM,170
11/26/2020 02:00:00 PM,160
11/28/2020 03:00:00 PM,299
10/06/2020 11:00:00 AM,277
11/11/2020 10:00:00 AM,100
11/16/2020 11:00:00 AM,99
09/19/2020 06:00:00 AM,43
10/02/2020 08:00:00 AM,176
10/05/2020 05:00:00 PM,592
10/20/2020 12:00:00 PM,184
11/12/2020 05:00:00 PM,275
11/12/2020 07:00:00 PM,195
11/14/2020 02:00:00 PM,270
11/15/2020 02:00:00 PM,135
11/19/2020 12:00:00 PM,211
11/26/2020 08:00:00 AM,49
12/02/2020 08:00:00 PM,105
12/09/2020 05:00:00 PM,191
12/12/2020 03:00:00 PM,80
10/26/2020 04:00:00 PM,190
09/19/2020 09:00:00 PM,550
10/05/2020 08:00:00 PM,229
10/15/2020 08:00:00 PM,271
11/08/2020 07:00:00 PM,379
11/14/2020 04:00:00 PM,250
11/20/2020 10:00:00 AM,136
11/22/2020 02:00:00 PM,180
11/24/2020 05:00:00 PM,111
12/02/2020 09:00:00 PM,65
08/20/2020 05:00:00 AM,12
11/25/2020 05:00:00 AM,13
11/27/2020 05:00:00 AM,12
12/10/2020 05:00:00 AM,17
12/11/2020 05:00:00 AM,25
08/21/2020 11:00:00 AM,329
08/12/2020 09:00:00 AM,35
08/12/2020 06:00:00 PM,507
08/12/2020 09:00:00 PM,388
08/13/2020 10:00:00 AM,161
08/13/2020 12:00:00 PM,243
08/14/2020 09:00:00 AM,128
08/14/2020 06:00:00 PM,707
08/16/2020 07:00:00 AM,47
08/16/2020 12:00:00 PM,494
08/16/2020 07:00:00 PM,690
08/16/2020 08:00:00 PM,522
08/17/2020 12:00:00 PM,247
08/17/2020 01:00:00 PM,306
08/17/2020 06:00:00 PM,665
08/17/2020 09:00:00 PM,233
08/18/2020 05:00:00 AM,20
08/18/2020 07:00:00 AM,71
08/18/2020 04:00:00 PM,547
08/18/2020 05:00:00 PM,667
08/18/2020 08:00:00 PM,637
08/19/2020 07:00:00 PM,540
08/21/2020 07:00:00 AM,100
08/21/2020 10:00:00 AM,235
08/22/2020 07:00:00 AM,95
08/22/2020 02:00:00 PM,830
08/22/2020 08:00:00 PM,951
08/23/2020 05:00:00 AM,30
08/23/2020 07:00:00 AM,82
08/23/2020 08:00:00 AM,144
08/23/2020 04:00:00 PM,974
08/23/2020 06:00:00 PM,377
08/23/2020 07:00:00 PM,443
08/24/2020 06:00:00 AM,65
08/24/2020 06:00:00 PM,777
08/25/2020 12:00:00 PM,381
08/25/2020 03:00:00 PM,494
08/26/2020 09:00:00 AM,229
08/27/2020 06:00:00 AM,87
08/27/2020 12:00:00 PM,359
08/27/2020 05:00:00 PM,666
08/28/2020 06:00:00 AM,72
08/28/2020 07:00:00 AM,134
08/28/2020 02:00:00 PM,604
08/28/2020 09:00:00 PM,800
08/29/2020 10:00:00 AM,417
08/30/2020 09:00:00 PM,624
08/31/2020 06:00:00 AM,66
08/31/2020 07:00:00 AM,131
09/01/2020 08:00:00 AM,191
09/02/2020 02:00:00 PM,594
09/03/2020 10:00:00 PM,7
09/04/2020 05:00:00 AM,47
09/05/2020 06:00:00 AM,53
09/05/2020 08:00:00 AM,200
09/05/2020 09:00:00 AM,316
09/06/2020 09:00:00 AM,42
09/06/2020 11:00:00 AM,325
09/06/2020 03:00:00 PM,923
09/07/2020 06:00:00 AM,44
09/07/2020 09:00:00 AM,249
09/07/2020 10:00:00 AM,382
09/07/2020 06:00:00 PM,1178
09/07/2020 08:00:00 PM,629
09/08/2020 11:00:00 AM,148
09/08/2020 05:00:00 PM,408
09/09/2020 06:00:00 AM,70
09/10/2020 12:00:00 PM,321
09/10/2020 03:00:00 PM,545
09/11/2020 06:00:00 AM,76
09/11/2020 04:00:00 PM,663
09/12/2020 10:00:00 AM,106
09/12/2020 02:00:00 PM,458
09/12/2020 06:00:00 PM,843
09/12/2020 08:00:00 PM,653
09/12/2020 09:00:00 PM,600
09/13/2020 09:00:00 PM,497
09/14/2020 07:00:00 AM,123
09/14/2020 10:00:00 AM,200
09/14/2020 06:00:00 PM,713
09/15/2020 10:00:00 AM,227
09/17/2020 08:00:00 AM,208
09/18/2020 07:00:00 AM,148
09/18/2020 10:00:00 AM,273
09/18/2020 07:00:00 PM,722
09/19/2020 07:00:00 AM,86
09/19/2020 07:00:00 PM,915
09/21/2020 08:00:00 AM,166
09/21/2020 09:00:00 AM,177
09/21/2020 11:00:00 AM,308
09/21/2020 01:00:00 PM,315
09/21/2020 04:00:00 PM,531
09/21/2020 08:00:00 PM,243
09/22/2020 07:00:00 AM,124
09/23/2020 08:00:00 PM,634
09/23/2020 09:00:00 PM,522
09/24/2020 07:00:00 PM,860
09/26/2020 09:00:00 AM,310
09/27/2020 05:00:00 AM,39
09/27/2020 07:00:00 AM,82
09/29/2020 06:00:00 AM,81
09/30/2020 06:00:00 AM,68
09/30/2020 10:00:00 AM,219
09/30/2020 06:00:00 PM,655
10/01/2020 06:00:00 AM,68
10/01/2020 07:00:00 AM,143
10/01/2020 03:00:00 PM,313
10/01/2020 07:00:00 PM,374
10/02/2020 10:00:00 AM,216
10/02/2020 11:00:00 AM,259
10/04/2020 09:00:00 AM,155
10/06/2020 06:00:00 AM,73
10/06/2020 09:00:00 PM,326
10/07/2020 06:00:00 AM,85
10/08/2020 05:00:00 AM,32
10/08/2020 06:00:00 AM,70
10/08/2020 04:00:00 PM,561
10/08/2020 09:00:00 PM,369
10/11/2020 09:00:00 AM,193
10/11/2020 10:00:00 AM,357
10/11/2020 11:00:00 AM,526
10/11/2020 06:00:00 PM,793
10/12/2020 11:00:00 AM,236
10/12/2020 12:00:00 PM,237
10/13/2020 09:00:00 AM,170
10/14/2020 10:00:00 AM,186
10/14/2020 08:00:00 PM,451
10/15/2020 06:00:00 AM,70
10/15/2020 12:00:00 PM,289
10/16/2020 06:00:00 AM,61
10/16/2020 10:00:00 AM,206
10/16/2020 11:00:00 AM,267
10/17/2020 08:00:00 AM,115
10/17/2020 05:00:00 PM,552
10/17/2020 08:00:00 PM,465
10/18/2020 08:00:00 AM,68
10/18/2020 03:00:00 PM,248
10/18/2020 04:00:00 PM,205
10/18/2020 08:00:00 PM,125
10/18/2020 09:00:00 PM,104
10/19/2020 10:00:00 AM,152
10/20/2020 06:00:00 AM,67
10/20/2020 03:00:00 PM,278
10/20/2020 06:00:00 PM,264
10/21/2020 06:00:00 AM,55
10/21/2020 10:00:00 AM,138
10/21/2020 04:00:00 PM,383
10/21/2020 06:00:00 PM,290
10/21/2020 08:00:00 PM,153
10/22/2020 06:00:00 AM,29
10/22/2020 09:00:00 PM,362
10/23/2020 12:00:00 PM,126
10/23/2020 02:00:00 PM,121
10/23/2020 08:00:00 PM,221
10/24/2020 02:00:00 PM,482
10/25/2020 07:00:00 AM,45
10/25/2020 12:00:00 PM,299
10/25/2020 01:00:00 PM,317
10/25/2020 02:00:00 PM,346
10/25/2020 07:00:00 PM,188
10/26/2020 06:00:00 AM,38
10/26/2020 10:00:00 AM,62
10/26/2020 12:00:00 PM,123
10/26/2020 01:00:00 PM,93
10/27/2020 06:00:00 AM,50
10/27/2020 11:00:00 AM,74
10/27/2020 12:00:00 PM,96
10/27/2020 01:00:00 PM,87
10/27/2020 05:00:00 PM,250
10/27/2020 08:00:00 PM,97
10/28/2020 05:00:00 AM,16
10/28/2020 06:00:00 AM,54
10/28/2020 08:00:00 AM,95
10/28/2020 02:00:00 PM,217
10/28/2020 03:00:00 PM,238
10/29/2020 06:00:00 AM,63
10/29/2020 09:00:00 PM,169
10/30/2020 08:00:00 AM,86
10/30/2020 11:00:00 AM,150
10/30/2020 12:00:00 PM,208
10/30/2020 01:00:00 PM,246
10/30/2020 04:00:00 PM,329
10/30/2020 05:00:00 PM,367
10/30/2020 09:00:00 PM,144
10/31/2020 07:00:00 AM,47
10/31/2020 11:00:00 AM,299
11/01/2020 12:00:00 PM,149
11/01/2020 01:00:00 PM,205
11/01/2020 04:00:00 PM,206
11/01/2020 05:00:00 PM,161
11/03/2020 12:00:00 PM,311
11/04/2020 08:00:00 AM,113
11/04/2020 01:00:00 PM,264
11/06/2020 08:00:00 AM,121
11/06/2020 10:00:00 AM,166
11/06/2020 11:00:00 AM,248
11/06/2020 08:00:00 PM,445
11/07/2020 10:00:00 AM,297
11/08/2020 08:00:00 AM,100
11/08/2020 06:00:00 PM,467
11/09/2020 06:00:00 AM,80
11/09/2020 09:00:00 AM,125
11/09/2020 12:00:00 PM,271
11/09/2020 07:00:00 PM,334
11/11/2020 06:00:00 AM,47
11/11/2020 11:00:00 AM,179
11/11/2020 07:00:00 PM,148
11/11/2020 08:00:00 PM,126
11/12/2020 06:00:00 AM,48
11/12/2020 07:00:00 AM,78
11/12/2020 08:00:00 AM,95
11/12/2020 03:00:00 PM,221
11/12/2020 08:00:00 PM,168
11/13/2020 02:00:00 PM,217
11/14/2020 07:00:00 AM,41
11/14/2020 01:00:00 PM,278
11/15/2020 08:00:00 AM,38
11/15/2020 06:00:00 PM,115
11/16/2020 06:00:00 AM,39
11/16/2020 08:00:00 AM,65
11/16/2020 01:00:00 PM,102
11/16/2020 04:00:00 PM,159
11/17/2020 12:00:00 PM,136
11/17/2020 01:00:00 PM,102
11/17/2020 02:00:00 PM,156
11/17/2020 05:00:00 PM,166
11/18/2020 10:00:00 AM,80
11/18/2020 11:00:00 AM,115
11/18/2020 12:00:00 PM,141
11/18/2020 01:00:00 PM,122
11/18/2020 03:00:00 PM,162
11/18/2020 04:00:00 PM,211
11/19/2020 06:00:00 AM,52
11/19/2020 01:00:00 PM,175
11/20/2020 07:00:00 AM,78
11/20/2020 06:00:00 PM,338
11/21/2020 09:00:00 AM,113
11/21/2020 12:00:00 PM,213
11/21/2020 02:00:00 PM,281
11/22/2020 12:00:00 PM,146
11/22/2020 01:00:00 PM,161
11/22/2020 04:00:00 PM,204
11/23/2020 06:00:00 AM,30
11/23/2020 07:00:00 AM,47
11/23/2020 08:00:00 AM,65
11/23/2020 10:00:00 AM,81
11/23/2020 05:00:00 PM,171
11/24/2020 06:00:00 AM,15
11/24/2020 10:00:00 AM,38
11/24/2020 11:00:00 AM,69
11/24/2020 02:00:00 PM,68
11/24/2020 06:00:00 PM,110
11/24/2020 08:00:00 PM,60
11/25/2020 01:00:00 PM,76
11/25/2020 02:00:00 PM,110
11/25/2020 07:00:00 PM,87
11/25/2020 08:00:00 PM,59
11/26/2020 10:00:00 AM,79
11/26/2020 11:00:00 AM,98
11/26/2020 05:00:00 PM,81
11/26/2020 06:00:00 PM,69
11/26/2020 08:00:00 PM,98
11/27/2020 11:00:00 AM,92
11/27/2020 05:00:00 PM,147
11/27/2020 07:00:00 PM,126
11/28/2020 01:00:00 PM,227
11/28/2020 04:00:00 PM,233
11/30/2020 06:00:00 AM,26
11/30/2020 12:00:00 PM,61
11/30/2020 06:00:00 PM,83
11/30/2020 08:00:00 PM,50
12/01/2020 06:00:00 AM,28
12/01/2020 09:00:00 AM,49
12/01/2020 01:00:00 PM,89
12/01/2020 06:00:00 PM,134
12/02/2020 06:00:00 AM,31
12/02/2020 12:00:00 PM,109
12/02/2020 01:00:00 PM,128
12/02/2020 06:00:00 PM,137
12/03/2020 03:00:00 PM,140
12/03/2020 05:00:00 PM,179
12/04/2020 08:00:00 AM,72
12/04/2020 11:00:00 AM,79
12/04/2020 09:00:00 PM,130
12/05/2020 11:00:00 AM,142
12/05/2020 12:00:00 PM,163
12/05/2020 05:00:00 PM,165
12/06/2020 10:00:00 AM,75
12/06/2020 02:00:00 PM,119
12/06/2020 05:00:00 PM,80
12/07/2020 12:00:00 PM,97
12/07/2020 01:00:00 PM,81
12/08/2020 02:00:00 PM,96
12/09/2020 01:00:00 PM,120
12/09/2020 02:00:00 PM,165
12/10/2020 09:00:00 AM,65
12/10/2020 10:00:00 AM,87
12/10/2020 12:00:00 PM,146
12/10/2020 01:00:00 PM,114
12/10/2020 08:00:00 PM,87
12/11/2020 10:00:00 AM,78
12/11/2020 11:00:00 AM,61
12/11/2020 02:00:00 PM,91
12/11/2020 04:00:00 PM,73
12/12/2020 02:00:00 PM,68
12/12/2020 05:00:00 PM,52
08/12/2020 05:00:00 PM,399
08/13/2020 05:00:00 PM,561
08/18/2020 09:00:00 AM,146
08/21/2020 01:00:00 PM,449
09/05/2020 07:00:00 AM,107
09/08/2020 10:00:00 AM,128
09/08/2020 12:00:00 PM,216
09/11/2020 11:00:00 AM,247
10/03/2020 05:00:00 AM,30
10/07/2020 08:00:00 AM,210
10/13/2020 08:00:00 PM,314
10/14/2020 05:00:00 AM,33
10/20/2020 01:00:00 PM,206
10/23/2020 10:00:00 AM,80
10/23/2020 01:00:00 PM,134
10/23/2020 04:00:00 PM,276
10/24/2020 05:00:00 AM,24
11/01/2020 06:00:00 PM,90
11/01/2020 08:00:00 PM,89
11/09/2020 08:00:00 PM,274
11/10/2020 06:00:00 PM,34
11/10/2020 07:00:00 PM,74
11/12/2020 06:00:00 PM,248
11/13/2020 09:00:00 PM,131
11/14/2020 09:00:00 PM,94
11/15/2020 03:00:00 PM,133
11/16/2020 09:00:00 PM,60
11/17/2020 10:00:00 AM,87
11/20/2020 05:00:00 PM,314
11/20/2020 09:00:00 PM,154
11/21/2020 07:00:00 AM,53
11/22/2020 10:00:00 AM,81
11/25/2020 09:00:00 PM,64
11/28/2020 06:00:00 PM,151
12/01/2020 08:00:00 PM,76
12/04/2020 04:00:00 PM,186
12/05/2020 02:00:00 PM,221
12/07/2020 08:00:00 PM,78
12/08/2020 05:00:00 PM,98
12/08/2020 08:00:00 PM,66
12/09/2020 08:00:00 PM,79
12/10/2020 07:00:00 AM,52
12/10/2020 09:00:00 PM,71
08/22/2020 10:00:00 AM,362
09/27/2020 06:00:00 AM,56
11/19/2020 05:00:00 PM,313
11/21/2020 01:00:00 PM,269
08/18/2020 08:00:00 AM,113
08/19/2020 07:00:00 AM,84
08/24/2020 08:00:00 AM,158
08/25/2020 07:00:00 AM,107
09/15/2020 07:00:00 AM,123
09/18/2020 06:00:00 AM,79
10/10/2020 08:00:00 AM,197
10/13/2020 07:00:00 AM,113
10/14/2020 07:00:00 AM,116
11/05/2020 02:00:00 PM,267
11/29/2020 03:00:00 PM,226
12/10/2020 11:00:00 AM,100
09/02/2020 06:00:00 AM,111
09/03/2020 06:00:00 AM,96
11/27/2020 04:00:00 PM,164
08/29/2020 05:00:00 AM,43
10/07/2020 10:00:00 AM,183
10/24/2020 11:00:00 AM,329
08/17/2020 05:00:00 AM,12
08/19/2020 09:00:00 AM,158
08/22/2020 05:00:00 AM,44
08/28/2020 05:00:00 AM,49
09/11/2020 01:00:00 PM,395
10/01/2020 09:00:00 PM,260
10/21/2020 09:00:00 PM,78
10/23/2020 09:00:00 PM,225
10/26/2020 09:00:00 PM,115
10/30/2020 07:00:00 PM,259
11/02/2020 09:00:00 PM,69
11/15/2020 07:00:00 PM,78
11/28/2020 05:00:00 PM,188
11/29/2020 05:00:00 PM,135
11/29/2020 09:00:00 PM,79
08/25/2020 10:00:00 PM,7
10/12/2020 04:00:00 PM,259
11/10/2020 07:00:00 AM,93
11/18/2020 09:00:00 AM,80
08/20/2020 08:00:00 AM,74
08/21/2020 06:00:00 AM,55
08/25/2020 08:00:00 AM,136
08/26/2020 07:00:00 AM,131
08/31/2020 05:00:00 AM,38
11/04/2020 10:00:00 AM,124
11/13/2020 08:00:00 AM,96
11/24/2020 04:00:00 PM,57
11/27/2020 07:00:00 AM,30
11/27/2020 01:00:00 PM,157
12/08/2020 09:00:00 AM,58
08/12/2020 12:00:00 PM,183
08/13/2020 06:00:00 AM,38
08/17/2020 02:00:00 PM,348
09/08/2020 06:00:00 AM,28
09/17/2020 07:00:00 AM,157
09/27/2020 08:00:00 AM,123
10/08/2020 10:00:00 AM,205
10/11/2020 08:00:00 PM,464
10/13/2020 08:00:00 AM,150
10/15/2020 11:00:00 AM,237
10/24/2020 09:00:00 AM,163
11/05/2020 06:00:00 AM,68
11/08/2020 09:00:00 AM,168
11/19/2020 07:00:00 PM,201
11/20/2020 08:00:00 PM,201
10/31/2020 10:00:00 AM,235
11/19/2020 09:00:00 PM,125
11/21/2020 10:00:00 AM,150
11/13/2020 01:00:00 PM,210
08/12/2020 02:00:00 PM,202
08/12/2020 03:00:00 PM,267
08/13/2020 08:00:00 AM,89
08/13/2020 09:00:00 AM,90
08/15/2020 10:00:00 AM,260
08/17/2020 08:00:00 AM,87
08/17/2020 10:00:00 AM,139
08/20/2020 09:00:00 AM,98
08/20/2020 11:00:00 AM,154
08/22/2020 06:00:00 AM,41
08/23/2020 10:00:00 AM,386
08/23/2020 11:00:00 AM,548
08/24/2020 09:00:00 AM,160
08/25/2020 10:00:00 AM,200
08/25/2020 11:00:00 AM,264
08/27/2020 07:00:00 AM,113
09/01/2020 09:00:00 PM,336
09/03/2020 07:00:00 AM,168
09/08/2020 02:00:00 PM,165
09/09/2020 09:00:00 AM,159
09/10/2020 07:00:00 AM,122
09/23/2020 05:00:00 AM,37
09/23/2020 06:00:00 AM,90
09/24/2020 05:00:00 AM,35
10/02/2020 05:00:00 AM,29
10/02/2020 07:00:00 AM,134
10/04/2020 05:00:00 AM,21
10/04/2020 11:00:00 AM,398
10/04/2020 09:00:00 PM,248
10/05/2020 05:00:00 AM,27
10/06/2020 12:00:00 PM,310
10/11/2020 06:00:00 AM,48
10/11/2020 08:00:00 AM,105
10/17/2020 06:00:00 AM,37
10/18/2020 12:00:00 PM,182
10/19/2020 07:00:00 PM,172
10/19/2020 08:00:00 PM,143
10/20/2020 11:00:00 AM,156
10/22/2020 07:00:00 AM,45
10/24/2020 06:00:00 PM,465
10/25/2020 10:00:00 AM,189
10/26/2020 08:00:00 AM,107
10/28/2020 10:00:00 AM,99
10/30/2020 07:00:00 AM,63
11/01/2020 10:00:00 AM,102
11/02/2020 07:00:00 AM,78
11/02/2020 08:00:00 AM,80
11/02/2020 12:00:00 PM,178
11/02/2020 04:00:00 PM,268
11/04/2020 12:00:00 PM,257
11/05/2020 07:00:00 AM,99
11/05/2020 11:00:00 AM,179
11/05/2020 01:00:00 PM,231
11/05/2020 05:00:00 PM,477
11/08/2020 07:00:00 AM,57
11/10/2020 10:00:00 AM,164
11/11/2020 07:00:00 AM,79
11/12/2020 10:00:00 AM,112
11/13/2020 11:00:00 AM,151
11/14/2020 07:00:00 PM,57
11/15/2020 11:00:00 AM,97
11/15/2020 01:00:00 PM,99
11/16/2020 05:00:00 PM,226
11/21/2020 04:00:00 PM,298
11/22/2020 08:00:00 AM,44
11/22/2020 09:00:00 AM,69
11/22/2020 08:00:00 PM,89
11/24/2020 08:00:00 AM,49
11/24/2020 09:00:00 AM,49
11/24/2020 01:00:00 PM,96
11/25/2020 04:00:00 PM,140
11/26/2020 04:00:00 PM,143
11/29/2020 08:00:00 AM,41
11/29/2020 08:00:00 PM,70
12/01/2020 10:00:00 AM,53
12/01/2020 11:00:00 AM,65
12/02/2020 07:00:00 AM,49
12/02/2020 04:00:00 PM,164
12/03/2020 06:00:00 AM,33
12/03/2020 07:00:00 AM,36
12/03/2020 09:00:00 AM,56
12/03/2020 04:00:00 PM,143
12/04/2020 10:00:00 AM,86
12/04/2020 06:00:00 PM,180
12/05/2020 01:00:00 PM,176
12/06/2020 09:00:00 AM,55
12/06/2020 11:00:00 AM,127
12/06/2020 04:00:00 PM,118
12/07/2020 02:00:00 PM,79
12/07/2020 06:00:00 PM,122
12/08/2020 07:00:00 AM,30
12/08/2020 07:00:00 PM,77
12/09/2020 09:00:00 AM,52
12/10/2020 02:00:00 PM,152
12/10/2020 03:00:00 PM,188
12/11/2020 01:00:00 PM,78
12/12/2020 07:00:00 AM,8
12/12/2020 09:00:00 AM,36
12/12/2020 11:00:00 AM,28
12/12/2020 07:00:00 PM,36
12/12/2020 09:00:00 PM,27
08/25/2020 05:00:00 AM,18
10/27/2020 09:00:00 PM,99
11/16/2020 07:00:00 PM,139
11/26/2020 05:00:00 AM,13
11/27/2020 08:00:00 AM,36
12/03/2020 08:00:00 PM,80
12/06/2020 05:00:00 AM,16
08/26/2020 08:00:00 AM,178
11/07/2020 08:00:00 PM,463
11/10/2020 05:00:00 AM,22
12/04/2020 01:00:00 PM,146
12/09/2020 06:00:00 PM,133
11/29/2020 09:00:00 AM,46
08/16/2020 05:00:00 AM,21
08/18/2020 06:00:00 AM,44
08/19/2020 06:00:00 AM,49
08/24/2020 07:00:00 AM,108
08/26/2020 06:00:00 AM,85
09/02/2020 08:00:00 AM,196
09/09/2020 07:00:00 AM,100
09/28/2020 06:00:00 AM,51
10/22/2020 11:00:00 AM,156
10/28/2020 11:00:00 AM,176
11/03/2020 09:00:00 PM,118
11/09/2020 07:00:00 AM,100
11/18/2020 06:00:00 AM,29
11/19/2020 07:00:00 AM,61
11/25/2020 12:00:00 PM,72
11/26/2020 01:00:00 PM,111
11/28/2020 07:00:00 AM,26
11/28/2020 09:00:00 AM,63
11/30/2020 07:00:00 AM,40
11/30/2020 04:00:00 PM,91
12/05/2020 08:00:00 AM,50
12/05/2020 09:00:00 PM,104
09/05/2020 05:00:00 AM,43
10/11/2020 05:00:00 AM,34
11/20/2020 11:00:00 AM,194
09/30/2020 05:00:00 AM,33
10/01/2020 05:00:00 AM,22
11/22/2020 11:00:00 AM,114
12/12/2020 01:00:00 PM,46
08/13/2020 07:00:00 AM,69
08/19/2020 08:00:00 AM,146
08/30/2020 07:00:00 AM,89
08/31/2020 11:00:00 PM,9
09/29/2020 08:00:00 AM,162
10/03/2020 07:00:00 AM,87
10/18/2020 01:00:00 PM,105
10/26/2020 08:00:00 PM,123
10/27/2020 10:00:00 AM,64
11/02/2020 10:00:00 AM,89
11/06/2020 07:00:00 AM,82
11/07/2020 07:00:00 AM,68
11/13/2020 07:00:00 AM,93
11/13/2020 10:00:00 AM,111
11/15/2020 07:00:00 AM,27
11/16/2020 07:00:00 AM,39
11/17/2020 07:00:00 AM,45
11/18/2020 06:00:00 PM,187
11/19/2020 08:00:00 AM,112
11/22/2020 07:00:00 AM,23
11/23/2020 12:00:00 PM,120
11/23/2020 01:00:00 PM,147
11/24/2020 07:00:00 AM,26
11/25/2020 07:00:00 AM,28
11/25/2020 06:00:00 PM,121
11/26/2020 06:00:00 AM,16
11/26/2020 12:00:00 PM,112
11/26/2020 07:00:00 PM,51
11/27/2020 12:00:00 PM,139
11/29/2020 02:00:00 PM,196
12/01/2020 07:00:00 AM,31
12/01/2020 02:00:00 PM,95
12/01/2020 07:00:00 PM,82
12/05/2020 07:00:00 AM,38
12/05/2020 06:00:00 PM,180
12/06/2020 09:00:00 PM,53
12/10/2020 06:00:00 PM,167
12/11/2020 08:00:00 AM,46
09/11/2020 05:00:00 AM,43
10/15/2020 09:00:00 PM,265
11/09/2020 05:00:00 AM,26
10/29/2020 08:00:00 AM,103
11/29/2020 10:00:00 AM,74
12/01/2020 05:00:00 PM,133
12/02/2020 09:00:00 AM,47
09/12/2020 09:00:00 AM,73
10/20/2020 05:00:00 AM,25
11/02/2020 06:00:00 AM,41
11/25/2020 03:00:00 PM,137
12/11/2020 06:00:00 AM,23
12/12/2020 04:00:00 PM,60
12/05/2020 07:00:00 PM,173
08/15/2020 07:00:00 AM,53
08/21/2020 05:00:00 AM,38
09/06/2020 05:00:00 AM,14
09/14/2020 05:00:00 AM,29
10/05/2020 06:00:00 AM,62
10/27/2020 07:00:00 AM,70
11/03/2020 08:00:00 PM,199
11/15/2020 12:00:00 PM,103
11/29/2020 12:00:00 PM,169
08/13/2020 05:00:00 AM,17
10/06/2020 10:00:00 PM,5
10/09/2020 06:00:00 AM,66
10/16/2020 07:00:00 AM,108
10/23/2020 05:00:00 AM,34
11/03/2020 06:00:00 AM,60
11/06/2020 06:00:00 AM,82
11/17/2020 11:00:00 AM,102
11/17/2020 04:00:00 PM,185
11/18/2020 08:00:00 AM,81
12/05/2020 10:00:00 AM,110
08/16/2020 09:00:00 PM,5
10/12/2020 05:00:00 AM,29
10/15/2020 10:00:00 AM,185
10/24/2020 07:00:00 AM,39
11/11/2020 12:00:00 PM,170
12/03/2020 09:00:00 PM,73
09/08/2020 07:00:00 PM,286
08/12/2020 04:00:00 PM,303
10/03/2020 09:00:00 PM,167
11/24/2020 07:00:00 PM,84
08/14/2020 07:00:00 AM,64
08/17/2020 06:00:00 AM,31
08/17/2020 07:00:00 AM,75
08/23/2020 09:00:00 AM,216
08/31/2020 08:00:00 AM,174
09/06/2020 06:00:00 AM,19
09/08/2020 09:00:00 AM,77
09/12/2020 06:00:00 AM,53
09/15/2020 10:00:00 PM,3
09/17/2020 05:00:00 AM,39
09/20/2020 05:00:00 AM,30
10/27/2020 08:00:00 AM,66
11/08/2020 05:00:00 AM,32
11/08/2020 06:00:00 AM,29
11/12/2020 09:00:00 PM,151
11/14/2020 10:00:00 AM,165
11/15/2020 05:00:00 AM,12
11/15/2020 06:00:00 AM,20
11/16/2020 06:00:00 PM,183
11/17/2020 08:00:00 AM,70
11/19/2020 08:00:00 PM,152
11/21/2020 06:00:00 AM,15
11/23/2020 05:00:00 AM,19
11/25/2020 10:00:00 AM,43
11/27/2020 06:00:00 PM,141
12/03/2020 07:00:00 PM,96
12/04/2020 07:00:00 PM,165
12/05/2020 08:00:00 PM,120
12/06/2020 06:00:00 PM,121
12/08/2020 01:00:00 PM,110
12/09/2020 11:00:00 AM,86
12/11/2020 08:00:00 PM,12
12/11/2020 09:00:00 PM,18
11/25/2020 06:00:00 AM,28
12/04/2020 07:00:00 AM,46
09/11/2020 10:00:00 PM,7
11/30/2020 10:00:00 AM,47
12/06/2020 08:00:00 AM,40
09/20/2020 06:00:00 AM,33
09/20/2020 10:00:00 PM,5
09/25/2020 06:00:00 AM,80
10/12/2020 06:00:00 AM,76
10/27/2020 04:00:00 PM,170
11/06/2020 05:00:00 AM,30
11/14/2020 08:00:00 PM,60
11/26/2020 09:00:00 AM,74
10/21/2020 05:00:00 AM,28
11/03/2020 05:00:00 AM,22
11/05/2020 05:00:00 AM,22
09/19/2020 05:00:00 AM,34
11/29/2020 06:00:00 PM,135
08/12/2020 07:00:00 PM,571
08/16/2020 08:00:00 AM,109
09/04/2020 06:00:00 AM,81
09/16/2020 06:00:00 AM,102
09/19/2020 10:00:00 PM,7
09/22/2020 10:00:00 PM,3
09/23/2020 10:00:00 PM,8
09/24/2020 10:00:00 PM,7
09/26/2020 10:00:00 PM,7
10/19/2020 06:00:00 AM,53
10/19/2020 10:00:00 PM,1
10/30/2020 05:00:00 AM,20
10/30/2020 06:00:00 AM,36
11/01/2020 06:00:00 AM,24
11/01/2020 07:00:00 AM,22
11/25/2020 09:00:00 AM,35
11/27/2020 08:00:00 PM,86
12/04/2020 05:00:00 AM,13
12/07/2020 08:00:00 AM,46
12/09/2020 07:00:00 PM,131
12/12/2020 08:00:00 PM,32
08/15/2020 08:00:00 AM,96
12/11/2020 09:00:00 AM,47
10/24/2020 08:00:00 AM,90
10/25/2020 08:00:00 AM,76
11/27/2020 06:00:00 AM,24
12/08/2020 08:00:00 AM,55
10/26/2020 05:00:00 AM,17
12/02/2020 05:00:00 PM,130
09/21/2020 06:00:00 AM,75
11/25/2020 08:00:00 AM,38
12/05/2020 05:00:00 AM,23
12/07/2020 05:00:00 AM,13
08/20/2020 07:00:00 AM,74
10/29/2020 05:00:00 PM,305
08/12/2020 08:00:00 AM,16
08/16/2020 06:00:00 AM,45
08/20/2020 06:00:00 AM,33
08/26/2020 05:00:00 AM,44
08/27/2020 05:00:00 AM,43
08/29/2020 10:00:00 PM,13
08/30/2020 05:00:00 AM,31
09/16/2020 05:00:00 AM,32
10/03/2020 06:00:00 AM,40
10/04/2020 08:00:00 AM,96
10/18/2020 05:00:00 AM,33
10/25/2020 05:00:00 AM,19
11/01/2020 05:00:00 AM,11
11/04/2020 06:00:00 AM,66
11/07/2020 06:00:00 AM,51
11/13/2020 06:00:00 AM,38
11/14/2020 06:00:00 AM,28
11/16/2020 12:00:00 PM,126
11/17/2020 09:00:00 PM,73
11/23/2020 07:00:00 PM,127
11/27/2020 10:00:00 AM,72
11/30/2020 02:00:00 PM,63
12/01/2020 09:00:00 PM,59
12/06/2020 08:00:00 PM,80
12/08/2020 03:00:00 PM,107
12/09/2020 07:00:00 AM,30
12/09/2020 12:00:00 PM,115
12/09/2020 09:00:00 PM,78
12/11/2020 07:00:00 AM,37
12/11/2020 07:00:00 PM,34
12/12/2020 08:00:00 AM,17
12/12/2020 10:00:00 AM,23
10/24/2020 06:00:00 AM,34
10/10/2020 05:00:00 AM,37
11/07/2020 05:00:00 AM,24
09/01/2020 05:00:00 AM,42
10/19/2020 05:00:00 AM,22
10/25/2020 06:00:00 AM,29
11/14/2020 05:00:00 AM,9
11/25/2020 11:00:00 AM,40
09/01/2020 06:00:00 AM,83
11/20/2020 06:00:00 AM,51
11/28/2020 11:00:00 AM,133
12/04/2020 06:00:00 AM,39
08/22/2020 10:00:00 PM,5
08/24/2020 05:00:00 AM,26
09/01/2020 12:00:00 AM,6
09/01/2020 01:00:00 AM,2
09/13/2020 05:00:00 AM,40
10/17/2020 05:00:00 AM,14
10/22/2020 05:00:00 AM,19
10/26/2020 07:00:00 AM,54
11/18/2020 09:00:00 PM,84
11/26/2020 07:00:00 AM,18
12/05/2020 06:00:00 AM,20
12/06/2020 07:00:00 AM,23
12/08/2020 06:00:00 AM,20
11/22/2020 06:00:00 AM,18
12/07/2020 07:00:00 PM,115
09/12/2020 05:00:00 AM,47
11/17/2020 09:00:00 AM,61
11/22/2020 05:00:00 AM,20
12/02/2020 10:00:00 AM,58
12/12/2020 12:00:00 PM,35
08/27/2020 10:00:00 PM,7
11/01/2020 08:00:00 AM,62
08/12/2020 07:00:00 AM,9
08/12/2020 10:00:00 AM,71
08/14/2020 06:00:00 AM,26
08/14/2020 09:00:00 PM,10
08/15/2020 05:00:00 AM,23
08/15/2020 06:00:00 AM,45
08/21/2020 10:00:00 PM,5
08/24/2020 11:00:00 PM,2
09/01/2020 10:00:00 PM,1
09/08/2020 05:00:00 AM,16
09/08/2020 07:00:00 AM,35
09/08/2020 08:00:00 AM,59
09/12/2020 01:00:00 AM,1
09/13/2020 06:00:00 AM,40
09/25/2020 10:00:00 PM,5
09/25/2020 11:00:00 PM,3
09/28/2020 05:00:00 AM,20
10/02/2020 10:00:00 PM,6
10/03/2020 10:00:00 PM,2
10/04/2020 06:00:00 AM,26
10/08/2020 10:00:00 PM,3
10/10/2020 10:00:00 PM,4
10/13/2020 05:00:00 AM,21
10/14/2020 06:00:00 AM,68
10/14/2020 10:00:00 PM,8
10/16/2020 05:00:00 AM,20
10/17/2020 10:00:00 PM,3
10/18/2020 06:00:00 AM,28
10/22/2020 10:00:00 PM,3
10/24/2020 10:00:00 PM,2
10/26/2020 05:00:00 PM,257
10/27/2020 05:00:00 AM,16
10/29/2020 05:00:00 AM,29
10/31/2020 05:00:00 AM,10
10/31/2020 06:00:00 AM,22
10/31/2020 10:00:00 PM,2
11/01/2020 09:00:00 AM,72
11/04/2020 05:00:00 AM,17
11/11/2020 05:00:00 AM,19
11/11/2020 10:00:00 PM,2
11/12/2020 05:00:00 AM,27
11/13/2020 05:00:00 AM,25
11/14/2020 08:00:00 AM,72
11/15/2020 09:00:00 AM,40
11/15/2020 09:00:00 PM,37
11/16/2020 05:00:00 AM,23
11/17/2020 06:00:00 AM,40
11/17/2020 10:00:00 PM,1
11/18/2020 05:00:00 AM,19
11/19/2020 05:00:00 AM,23
11/21/2020 05:00:00 AM,21
11/21/2020 07:00:00 PM,169
11/23/2020 06:00:00 PM,147
11/24/2020 12:00:00 PM,71
11/27/2020 09:00:00 AM,67
11/27/2020 09:00:00 PM,65
11/28/2020 06:00:00 AM,26
11/28/2020 12:00:00 PM,190
11/29/2020 12:00:00 AM,1
11/29/2020 07:00:00 AM,20
11/29/2020 11:00:00 AM,97
11/30/2020 08:00:00 AM,48
11/30/2020 09:00:00 AM,40
11/30/2020 11:00:00 AM,49
11/30/2020 01:00:00 PM,76
11/30/2020 10:00:00 PM,1
12/01/2020 08:00:00 AM,42
12/02/2020 05:00:00 AM,14
12/03/2020 05:00:00 AM,19
12/06/2020 06:00:00 AM,10
12/07/2020 06:00:00 AM,35
12/07/2020 07:00:00 AM,27
12/07/2020 11:00:00 AM,78
12/08/2020 05:00:00 AM,13
12/08/2020 10:00:00 AM,48
12/08/2020 11:00:00 AM,73
12/09/2020 05:00:00 AM,15
12/09/2020 06:00:00 AM,27
12/09/2020 08:00:00 AM,53
12/09/2020 10:00:00 AM,60
12/10/2020 08:00:00 AM,55
12/11/2020 06:00:00 PM,37
12/12/2020 05:00:00 AM,6
12/12/2020 06:00:00 PM,49
08/13/2020 09:00:00 PM,4
09/04/2020 11:00:00 PM,1
09/06/2020 08:00:00 AM,16
10/11/2020 10:00:00 PM,6
11/30/2020 05:00:00 AM,16
11/04/2020 10:00:00 PM,1
11/27/2020 10:00:00 PM,2
08/28/2020 10:00:00 PM,11
09/06/2020 07:00:00 AM,18
11/24/2020 05:00:00 AM,9
08/26/2020 10:00:00 PM,4
09/01/2020 11:00:00 PM,1
09/02/2020 12:00:00 AM,2
09/02/2020 01:00:00 AM,1
09/02/2020 03:00:00 AM,1
09/07/2020 05:00:00 AM,38
10/01/2020 10:00:00 PM,4
10/05/2020 10:00:00 PM,2
10/09/2020 10:00:00 PM,4
10/29/2020 10:00:00 PM,3
12/12/2020 06:00:00 AM,4
11/29/2020 06:00:00 AM,15
08/14/2020 11:00:00 PM,1
08/17/2020 03:00:00 AM,2
08/20/2020 11:00:00 PM,1
08/24/2020 01:00:00 AM,1
08/24/2020 03:00:00 AM,1
08/25/2020 12:00:00 AM,2
08/25/2020 02:00:00 AM,1
08/29/2020 01:00:00 AM,2
08/29/2020 03:00:00 AM,1
09/02/2020 11:00:00 PM,4
09/03/2020 11:00:00 PM,1
09/06/2020 10:00:00 PM,4
09/08/2020 11:00:00 PM,1
09/12/2020 04:00:00 AM,2
09/18/2020 10:00:00 PM,6
09/21/2020 11:00:00 PM,2
09/22/2020 01:00:00 AM,1
09/26/2020 04:00:00 AM,1
09/27/2020 04:00:00 AM,2
09/27/2020 10:00:00 PM,1
09/29/2020 10:00:00 PM,3
08/20/2020 04:00:00 AM,1
08/23/2020 04:00:00 AM,1
09/01/2020 04:00:00 AM,2
09/02/2020 04:00:00 AM,1
09/04/2020 04:00:00 AM,1
09/05/2020 04:00:00 AM,1
09/06/2020 04:00:00 AM,1
09/08/2020 04:00:00 AM,1
09/09/2020 04:00:00 AM,1
09/13/2020 04:00:00 AM,1
08/30/2020 10:00:00 PM,2
12/01/2020 05:00:00 AM,10
08/20/2020 10:00:00 PM,2
08/30/2020 11:00:00 PM,1
09/03/2020 02:00:00 AM,1
11/29/2020 05:00:00 AM,7
09/10/2020 10:00:00 PM,1
08/24/2020 10:00:00 PM,3
10/16/2020 10:00:00 PM,2
08/12/2020 10:00:00 PM,2
08/15/2020 09:00:00 PM,6
08/23/2020 10:00:00 PM,5
08/27/2020 11:00:00 PM,1
11/09/2020 10:00:00 PM,4
09/07/2020 10:00:00 PM,2
09/28/2020 10:00:00 PM,5
10/13/2020 10:00:00 PM,2
11/07/2020 10:00:00 PM,1
11/20/2020 10:00:00 PM,1
12/04/2020 10:00:00 PM,2
08/12/2020 05:00:00 AM,4
08/27/2020 01:00:00 AM,2
08/31/2020 12:00:00 AM,1
11/21/2020 10:00:00 PM,1
09/04/2020 10:00:00 PM,2
09/12/2020 10:00:00 PM,2
09/13/2020 10:00:00 PM,1
09/17/2020 10:00:00 PM,4
09/30/2020 10:00:00 PM,6
11/12/2020 10:00:00 PM,3
09/22/2020 03:00:00 AM,2
10/04/2020 10:00:00 PM,2
11/08/2020 10:00:00 PM,5
10/23/2020 03:00:00 AM,1
10/28/2020 10:00:00 PM,1
11/06/2020 10:00:00 PM,1
11/22/2020 10:00:00 PM,2
09/27/2020 03:00:00 AM,1
09/28/2020 04:00:00 AM,1
10/02/2020 03:00:00 AM,1
10/04/2020 03:00:00 AM,2
10/06/2020 01:00:00 AM,1
10/06/2020 03:00:00 AM,2
10/11/2020 03:00:00 AM,1
10/12/2020 10:00:00 PM,1
10/16/2020 03:00:00 AM,1
10/17/2020 12:00:00 AM,1
10/18/2020 03:00:00 AM,1
10/20/2020 03:00:00 AM,1
10/25/2020 03:00:00 AM,1
10/26/2020 03:00:00 AM,1
11/01/2020 03:00:00 AM,1
11/01/2020 10:00:00 PM,1
11/02/2020 03:00:00 AM,1
11/03/2020 03:00:00 AM,1
11/04/2020 12:00:00 AM,1
11/06/2020 03:00:00 AM,1
11/07/2020 03:00:00 AM,1
11/07/2020 11:00:00 PM,1
11/15/2020 03:00:00 AM,1
11/22/2020 03:00:00 AM,1
11/23/2020 03:00:00 AM,1
09/24/2020 03:00:00 AM,1
09/25/2020 03:00:00 AM,1
09/26/2020 03:00:00 AM,1
10/03/2020 03:00:00 AM,1
10/05/2020 03:00:00 AM,1
10/09/2020 03:00:00 AM,1
10/10/2020 03:00:00 AM,1
10/12/2020 03:00:00 AM,1
10/13/2020 03:00:00 AM,1
09/29/2020 03:00:00 AM,2
08/24/2020 04:00:00 AM,1
08/28/2020 04:00:00 AM,1
08/29/2020 04:00:00 AM,1
11/09/2020 04:00:00 AM,1
11/18/2020 10:00:00 PM,1
10/09/2020 12:00:00 AM,1
09/05/2020 11:00:00 PM,1
09/05/2020 10:00:00 PM,1
09/18/2020 11:00:00 PM,1
10/22/2020 11:00:00 PM,1
11/05/2020 10:00:00 PM,2
09/09/2020 10:00:00 PM,1
08/19/2020 02:00:00 AM,1
08/22/2020 02:00:00 AM,1
08/23/2020 02:00:00 AM,1
08/26/2020 02:00:00 AM,1
08/31/2020 02:00:00 AM,1
08/15/2020 11:00:00 PM,2
10/20/2020 10:00:00 PM,1
09/03/2020 12:00:00 AM,2
08/17/2020 10:00:00 PM,2
10/21/2020 10:00:00 PM,2
12/01/2020 10:00:00 PM,1
10/19/2020 11:00:00 PM,2
10/30/2020 10:00:00 PM,1
12/09/2020 10:00:00 PM,1
12/10/2020 10:00:00 PM,1
09/08/2020 10:00:00 PM,1
10/24/2020 11:00:00 PM,1
12/06/2020 10:00:00 PM,1